#create database Hospital;
#create table patient (patient_id int primary key auto_increment, patient_name varchar(30) ,patient_phone varchar(11) ,gender varchar(20)  ,patient_case varchar(30)  ,age int ,matridl_status varchar(30),doctor_id int references doctors(doctor_id)  );
#create table appointment ( patient_id int references patient(patient_id),doctor_id int references doctors(doctor_id) ,appointment_date date not null,appointment_time time not null,appointment_duration time not null,appointment_reason varchar(50) not null, room varchar(30) not null);
#create table doctors (doctor_id int auto_increment primary key,doctor_name varchar(30),doctor_phone varchar(11),doctor_specialty varchar(30));
#insert into appointment values(1,1,'2022-12-24','1:30:00','15:00:00','internal medicine','room 1');
#insert into appointment values(2,8,'2022-12-24','2:00:00','15:00:00','general surgery','room 5');
#insert into appointment values(3,4,'2022-12-24','2:30:00','15:00:00','radiology','room 3');
#insert into appointment values(4,7,'2022-12-24','12:00:00','20:00:00',' children','room 2');
#insert into appointment values(5,7,'2022-12-24','2:00:00','10:00:00','children','room 2');
#insert into appointment values(6,2,'2022-12-24','10:00:00','25:00:00','opthalmology','room 4');
#insert into appointment values(7,5,'2022-12-24','5:00:00','30:00:00','otorhinolaryngology','room 8');
#insert into appointment values(8,6,'2022-12-24','5:00:00','30:00:00','psychiatry','room 7');
#insert into appointment values(9,3,'2022-12-24','5:00:00','30:00:00','Cobstetrics','room 6');
#insert into patient values (1,'bakr',010459461,'male',' internal medicine',58,'married',1);
#insert into patient values (2,'ramy',0104578921,'male',' general surgery',22,'married',8);
#insert into patient values (3,'omar',01045946951,'male','radiology ',12,'single',4);
#insert into patient values (4,'fady',01045946951,'male','children ',8,'single',7);
#insert into patient values (5,'engy',0154946951,'female','  children',2,'single',7);
#insert into patient values (6,'basma',01285946951,'female','opthalmology ',7,'single',2);
#insert into patient values (7,'dohaa',010459461,'female',' otorhinolaryngology',58,'married',5);
#insert into patient values (8,'amr',01045948521,'male','psychiatry ',19,'married',6);
#insert into patient values (9,'nora',01045946951,'female',' obstetrics',30,'married',3);
#insert into doctors values(1,'Youssef Ibrahim ','0127924824','internal medicine');
#insert into doctors values(2,'Ahmed Khaled ','0117924824','opthalmology');
#insert into doctors values(3,'Yasmine Ali ','0107924824','obstetrics');
#insert into doctors values(4,'Wafaa Al-Sayed ','0157924824','radiology');
#insert into doctors values(5,'Medhat Al-Sayed ','0123524824','otorhinolaryngology');
#insert into doctors values(6,'Hala Burai ','01808924824','psychiatry');
#insert into doctors values(7,'Dina Mostafa ','015484824','children');
#insert into doctors values(8,' George Ayoub','0107314824','general surgery');
#select *from doctors;
#select *from patient;
#select*from appointment;
#drop table patient ;
#select patient.patient_id, patient.patient_name,patient.patient_phone,patient.patient_case,patient.gender,patient.age,patient.matridl_status,appointment.appointment_date,appointment.appointment_time,appointment.appointment_duration,appointment.room from patient,appointment where appointment.patient_id=patient.patient_id ;
#select doctor_id,doctor_specialty from doctors;
#select  patient.patient_name,doctors.doctor_name,appointment.appointment_date,appointment.appointment_time,appointment.appointment_duration,appointment.room from patient,appointment,doctors where appointment.patient_id=patient.patient_id and  doctors.doctor_id=patient.doctor_id ;